,ID,历史价格,时间
0,361348,659.00,2022-04-04
1,1035901,45.90,2022-04-04
2,2232378,459.00,2022-04-04
3,2322996,115.00,2022-04-04
4,2323589,106.00,2022-04-04
5,2673757,1199.00,2022-04-04
6,2835917,319.00,2022-04-04
7,2971313,18.80,2022-04-04
8,2990352,469.00,2022-04-04
9,2990358,359.00,2022-04-04
10,2990374,195.00,2022-04-04
11,2990384,209.00,2022-04-04
12,2990388,799.00,2022-04-04
13,2990398,279.00,2022-04-04
14,3087293,120.00,2022-04-04
15,3930315,309.00,2022-04-04
16,4080291,10.90,2022-04-04
17,4311790,498.00,2022-04-04
18,4311792,568.00,2022-04-04
19,4311814,618.00,2022-04-04
20,4311902,210.00,2022-04-04
21,4343838,149.00,2022-04-04
22,4368712,628.00,2022-04-04
23,4368728,728.00,2022-04-04
24,4648076,199.00,2022-04-04
25,4648088,199.00,2022-04-04
26,4972612,329.00,2022-04-04
27,5120206,299.00,2022-04-04
28,5143646,1028.00,2022-04-04
29,5143648,658.00,2022-04-04
30,5158119,155.00,2022-04-04
31,5446512,75.00,2022-04-04
32,5760191,658.00,2022-04-04
33,5760197,608.00,2022-04-04
34,5760199,1008.00,2022-04-04
35,5819867,358.00,2022-04-04
36,6043315,55.00,2022-04-04
37,6050398,55.00,2022-04-04
38,6190146,155.00,2022-04-04
39,6291116,89.00,2022-04-04
40,7032274,199.00,2022-04-04
41,7246069,199.00,2022-04-04
42,7384589,15.90,2022-04-04
43,7385065,379.00,2022-04-04
44,7601074,492.00,2022-04-04
45,7867908,8.90,2022-04-04
46,8142893,225.00,2022-04-04
47,8646589,225.00,2022-04-04
48,1093832459,299.00,2022-04-04
49,1249277141,1595.00,2022-04-04
50,1294085306,88.00,2022-04-04
51,1760487425,298.00,2022-04-04
52,1781277333,256.00,2022-04-04
53,1959605540,39.90,2022-04-04
54,1959812545,41.80,2022-04-04
55,1959812551,41.80,2022-04-04
56,1959815131,41.80,2022-04-04
57,1985843603,89.00,2022-04-04
58,10111820907,256.00,2022-04-04
59,10277662824,125.00,2022-04-04
60,10277853020,132.00,2022-04-04
61,10279539800,188.00,2022-04-04
62,10279584155,176.00,2022-04-04
63,10360511797,63.00,2022-04-04
64,10372784673,44.90,2022-04-04
65,10483999868,158.00,2022-04-04
66,10484588383,669.00,2022-04-04
67,10594752619,399.00,2022-04-04
68,11067527590,11.90,2022-04-04
69,11258991343,106.00,2022-04-04
70,11680165109,98.00,2022-04-04
71,12049090771,998.00,2022-04-04
72,12085307744,998.00,2022-04-04
73,12947515146,499.00,2022-04-04
74,13154801006,188.00,2022-04-04
75,13179797973,69.90,2022-04-04
76,13699145591,4.20,2022-04-04
77,14739983086,29.90,2022-04-04
78,14944888963,118.00,2022-04-04
79,15233181369,326.00,2022-04-04
80,15236123739,438.00,2022-04-04
81,15642314880,109.00,2022-04-04
82,15785122365,429.00,2022-04-04
83,16245795493,268.00,2022-04-04
84,16878933215,35.00,2022-04-04
85,16923491224,315.00,2022-04-04
86,18186171616,29.90,2022-04-04
87,18671346322,27.00,2022-04-04
88,19663918496,379.00,2022-04-04
89,19663918497,339.00,2022-04-04
90,20349706218,90.00,2022-04-04
91,20545488871,515.00,2022-04-04
92,20545488874,799.00,2022-04-04
93,20803040572,128.00,2022-04-04
94,21872606579,360.00,2022-04-04
95,22299781350,799.00,2022-04-04
96,23316275397,408.00,2022-04-04
97,23463502709,436.00,2022-04-04
98,24289289184,204.00,2022-04-04
99,24677823445,69.00,2022-04-04
100,25171513713,219.00,2022-04-04
101,25609666855,275.00,2022-04-04
102,25622773858,442.00,2022-04-04
103,26223089596,425.00,2022-04-04
104,26687956009,128.00,2022-04-04
105,27185577215,385.00,2022-04-04
106,27814530794,367.00,2022-04-04
107,28226348709,80.00,2022-04-04
108,28226443284,72.00,2022-04-04
109,28226579380,88.00,2022-04-04
110,28226635640,96.00,2022-04-04
111,28230155215,1236.20,2022-04-04
112,28412624691,89.90,2022-04-04
113,28958020718,29.90,2022-04-04
114,29673898634,69.00,2022-04-04
115,29673905952,52.00,2022-04-04
116,29726441623,1200.00,2022-04-04
117,29963136754,246.00,2022-04-04
118,29971690573,308.00,2022-04-04
119,30004073532,1125.00,2022-04-04
120,30031754101,59.90,2022-04-04
121,30035074590,85.00,2022-04-04
122,30195298583,732.00,2022-04-04
123,30195298584,538.00,2022-04-04
124,30223774626,85.00,2022-04-04
125,30320367458,128.00,2022-04-04
126,31584773425,129.90,2022-04-04
127,31593694324,84.00,2022-04-04
128,31638881658,128.00,2022-04-04
129,32415963454,29.90,2022-04-04
130,32415963455,56.80,2022-04-04
131,32415963456,73.90,2022-04-04
132,32580567095,29.90,2022-04-04
133,34153363319,119.00,2022-04-04
134,34154238817,235.00,2022-04-04
135,35506703593,299.00,2022-04-04
136,36163547449,615.00,2022-04-04
137,36449072810,439.00,2022-04-04
138,37764262099,85.00,2022-04-04
139,38424225273,108.00,2022-04-04
140,40055254638,199.00,2022-04-04
141,41015926995,189.00,2022-04-04
142,41280957136,89.00,2022-04-04
143,41552470565,99.00,2022-04-04
144,42933872237,809.00,2022-04-04
145,43204360745,99.00,2022-04-04
146,43215763760,99.00,2022-04-04
147,43416158975,479.00,2022-04-04
148,43419210679,239.00,2022-04-04
149,43422642024,129.00,2022-04-04
150,43558536580,198.00,2022-04-04
151,43706791602,29.90,2022-04-04
152,43706791605,29.90,2022-04-04
153,43706791606,29.90,2022-04-04
154,43736658557,189.90,2022-04-04
155,44224524212,39.90,2022-04-04
156,44986831441,257.00,2022-04-04
157,45087976145,219.00,2022-04-04
158,45465404091,6.90,2022-04-04
159,46074337427,29.00,2022-04-04
160,46093359800,56.00,2022-04-04
161,46093382307,53.00,2022-04-04
162,46093382308,52.00,2022-04-04
163,46959758030,558.00,2022-04-04
164,47702266893,155.00,2022-04-04
165,48318046464,98.00,2022-04-04
166,48429501798,99.00,2022-04-04
167,48930784166,399.90,2022-04-04
168,51639799245,59.00,2022-04-04
169,52117171337,178.70,2022-04-04
170,52117171338,178.70,2022-04-04
171,52611848374,311.90,2022-04-04
172,52882363084,289.00,2022-04-04
173,53345634387,75.00,2022-04-04
174,54297347923,278.00,2022-04-04
175,54322083878,599.00,2022-04-04
176,55387116376,108.00,2022-04-04
177,55803137900,98.00,2022-04-04
178,56079068569,128.00,2022-04-04
179,56357021056,569.00,2022-04-04
180,57130234107,79.00,2022-04-04
181,57773464434,615.00,2022-04-04
182,58673490135,29.90,2022-04-04
183,58673490136,39.90,2022-04-04
184,58735134884,289.00,2022-04-04
185,58735134886,279.00,2022-04-04
186,58735134887,359.00,2022-04-04
187,59180771706,85.00,2022-04-04
188,59380218158,315.00,2022-04-04
189,59380218160,799.00,2022-04-04
190,59412555488,680.00,2022-04-04
191,59734177096,138.00,2022-04-04
192,59799477354,296.00,2022-04-04
193,60605087824,99.00,2022-04-04
194,60737179667,158.00,2022-04-04
195,61521682668,258.00,2022-04-04
196,61522703177,165.00,2022-04-04
197,61843048518,139.00,2022-04-04
198,62206442195,300.00,2022-04-04
199,63282610104,85.00,2022-04-04
200,63475157961,730.00,2022-04-04
201,64119028893,1248.00,2022-04-04
202,64176279170,536.00,2022-04-04
203,64176279172,576.00,2022-04-04
204,64570935194,230.00,2022-04-04
205,64624667508,58.00,2022-04-04
206,64664017172,146.00,2022-04-04
207,65155998385,99.00,2022-04-04
208,65367643284,419.00,2022-04-04
209,65386461380,129.00,2022-04-04
210,65402690271,278.90,2022-04-04
211,65660816358,199.00,2022-04-04
212,66199519236,20.00,2022-04-04
213,66340755825,119.00,2022-04-04
214,66340755843,269.00,2022-04-04
215,66457464522,856.00,2022-04-04
216,66671252873,59.00,2022-04-04
217,67172200696,479.00,2022-04-04
218,67233320227,1280.00,2022-04-04
219,67513200111,79.00,2022-04-04
220,67513200125,79.00,2022-04-04
221,67925046113,69.00,2022-04-04
222,67979163932,548.00,2022-04-04
223,68035186544,278.00,2022-04-04
224,68411073996,986.00,2022-04-04
225,68411078513,576.00,2022-04-04
226,69062319022,89.00,2022-04-04
227,69081256120,99.00,2022-04-04
228,69081256123,119.00,2022-04-04
229,69333267548,129.00,2022-04-04
230,69333267549,169.00,2022-04-04
231,69401401705,79.00,2022-04-04
232,69536342055,155.00,2022-04-04
233,69562923996,108.00,2022-04-04
234,69625112539,188.00,2022-04-04
235,69628125409,289.00,2022-04-04
236,69777135826,429.00,2022-04-04
237,70032921683,260.00,2022-04-04
238,70328384160,68.00,2022-04-04
239,70799435420,278.00,2022-04-04
240,70899204234,175.00,2022-04-04
241,71018864084,520.00,2022-04-04
242,71173905097,98.00,2022-04-04
243,71438184008,39.00,2022-04-04
244,71446457348,129.00,2022-04-04
245,71696667972,69.00,2022-04-04
246,71845313158,289.00,2022-04-04
247,71845313159,328.00,2022-04-04
248,71851535423,576.00,2022-04-04
249,71869504173,1280.00,2022-04-04
250,71976859456,99.00,2022-04-04
251,72129407995,36.00,2022-04-04
252,72177744288,129.00,2022-04-04
253,72192762819,98.00,2022-04-04
254,72321744330,108.00,2022-04-04
255,72483101173,1218.00,2022-04-04
256,100002177732,29.90,2022-04-04
257,100004013619,545.00,2022-04-04
258,100004403993,75.00,2022-04-04
259,100004789005,699.00,2022-04-04
260,100005040975,238.00,2022-04-04
261,100005223761,839.00,2022-04-04
262,100005503806,125.00,2022-04-04
263,100005568041,599.00,2022-04-04
264,100005768047,299.00,2022-04-04
265,100005815161,149.00,2022-04-04
266,100005873825,1899.00,2022-04-04
267,100006262957,359.00,2022-04-04
268,100006771483,399.00,2022-04-04
269,100006771485,329.00,2022-04-04
270,100006776227,199.00,2022-04-04
271,100006811828,369.00,2022-04-04
272,100006879434,718.00,2022-04-04
273,100007004286,299.00,2022-04-04
274,100007090981,359.00,2022-04-04
275,100007111859,1199.00,2022-04-04
276,100007232565,129.90,2022-04-04
277,100007512694,298.00,2022-04-04
278,100007852395,1099.00,2022-04-04
279,100008172880,549.00,2022-04-04
280,100008262768,199.90,2022-04-04
281,100008262770,59.90,2022-04-04
282,100008262784,59.90,2022-04-04
283,100008348694,199.90,2022-04-04
284,100008556195,179.00,2022-04-04
285,100009252334,839.00,2022-04-04
286,100009543219,69.00,2022-04-04
287,100009889695,599.00,2022-04-04
288,100009940534,599.00,2022-04-04
289,100010352055,118.00,2022-04-04
290,100010405824,45.00,2022-04-04
291,100010524374,58.90,2022-04-04
292,100010599350,1399.00,2022-04-04
293,100010618341,65.00,2022-04-04
294,100010759724,599.00,2022-04-04
295,100010880628,69.90,2022-04-04
296,100010917074,79.90,2022-04-04
297,100011248991,129.00,2022-04-04
298,100011260180,279.00,2022-04-04
299,100011323932,319.00,2022-04-04
300,100011565495,39.00,2022-04-04
301,100011780942,349.00,2022-04-04
302,100012031981,398.00,2022-04-04
303,100012340694,225.00,2022-04-04
304,100012340700,399.00,2022-04-04
305,100012340704,399.00,2022-04-04
306,100012674059,39.80,2022-04-04
307,100012816457,799.00,2022-04-04
308,100012976226,359.00,2022-04-04
309,100012976232,359.00,2022-04-04
310,100013017716,749.00,2022-04-04
311,100013017734,499.00,2022-04-04
312,100013017738,1199.00,2022-04-04
313,100013037996,339.00,2022-04-04
314,100013038018,339.00,2022-04-04
315,100013563395,795.00,2022-04-04
316,100013705379,79.00,2022-04-04
317,100013769769,549.00,2022-04-04
318,100013800452,15.90,2022-04-04
319,100013934917,499.00,2022-04-04
320,100014448019,266.00,2022-04-04
321,100014657627,329.00,2022-04-04
322,100014676991,109.00,2022-04-04
323,100014676997,69.00,2022-04-04
324,100015070419,79.00,2022-04-04
325,100015070453,49.90,2022-04-04
326,100015118784,2099.00,2022-04-04
327,100015143094,39.80,2022-04-04
328,100015339016,79.90,2022-04-04
329,100015424339,98.00,2022-04-04
330,100015635971,138.00,2022-04-04
331,100015742658,7.90,2022-04-04
332,100015994058,77.00,2022-04-04
333,100016004286,259.00,2022-04-04
334,100016070130,278.00,2022-04-04
335,100016240266,39.90,2022-04-04
336,100016265821,189.90,2022-04-04
337,100016349674,359.00,2022-04-04
338,100016349728,359.00,2022-04-04
339,100016506871,180.00,2022-04-04
340,100016600200,138.00,2022-04-04
341,100016613797,398.00,2022-04-04
342,100016710860,379.00,2022-04-04
343,100016727486,359.00,2022-04-04
344,100016753765,1628.00,2022-04-04
345,100017010320,79.00,2022-04-04
346,100017269243,950.00,2022-04-04
347,100017553183,129.00,2022-04-04
348,100017580285,1799.00,2022-04-04
349,100017743188,29.70,2022-04-04
350,100017744446,519.00,2022-04-04
351,100017884311,344.00,2022-04-04
352,100017884859,915.00,2022-04-04
353,100017926487,128.00,2022-04-04
354,100018159559,389.00,2022-04-04
355,100018380766,699.00,2022-04-04
356,100018400672,22.80,2022-04-04
357,100018558102,329.00,2022-04-04
358,100018558104,249.00,2022-04-04
359,100018578551,49.90,2022-04-04
360,100018939001,339.00,2022-04-04
361,100019117738,26.00,2022-04-04
362,100019169085,310.00,2022-04-04
363,100019169115,350.00,2022-04-04
364,100019169121,350.00,2022-04-04
365,100019212742,308.00,2022-04-04
366,100019213350,324.00,2022-04-04
367,100019213370,209.00,2022-04-04
368,100019494200,62.00,2022-04-04
369,100019645813,99.00,2022-04-04
370,100019790829,1090.00,2022-04-04
371,100019790871,790.00,2022-04-04
372,100019790889,620.00,2022-04-04
373,100019833385,799.00,2022-04-04
374,100020593694,179.80,2022-04-04
375,100021098410,125.00,2022-04-04
376,100021208618,359.00,2022-04-04
377,100021531082,535.00,2022-04-04
378,100022834542,329.00,2022-04-04
379,100022898420,329.00,2022-04-04
380,100022898442,329.00,2022-04-04
381,100023199748,158.00,2022-04-04
382,100023345034,225.00,2022-04-04
383,100023771384,227.00,2022-04-04
384,100024296466,1429.00,2022-04-04
385,100024578630,240.00,2022-04-04
386,100024961558,339.00,2022-04-04
387,100025318492,862.00,2022-04-04
388,100025382318,359.00,2022-04-04
389,100025792188,69.00,2022-04-04
390,100026423200,499.00,2022-04-04
391,100026812644,444.00,2022-04-04
392,100026812652,316.00,2022-04-04
393,100027068266,268.00,2022-04-04
394,100027068288,258.00,2022-04-04
395,100027243292,689.00,2022-04-04
396,100027746722,139.00,2022-04-04
397,100027864850,349.00,2022-04-04
398,100027864862,599.00,2022-04-04
399,100028215268,158.00,2022-04-04
400,100028281738,79.00,2022-04-04
401,100028281768,69.00,2022-04-04
402,100028573490,69.00,2022-04-04
403,100028600438,15.80,2022-04-04
404,100028785618,88.00,2022-04-04
405,100029951964,169.00,2022-04-04
406,100030517956,549.00,2022-04-04
407,100031289910,229.00,2022-04-04
408,100032029898,128.00,2022-04-04
409,100032029994,68.00,2022-04-04
410,100032378218,589.00,2022-04-04
411,100032378248,429.00,2022-04-04
412,100032514618,99.00,2022-04-04
413,100032546168,128.00,2022-04-04
414,100032777914,1079.00,2022-04-04
415,100032777954,718.00,2022-04-04
416,100032777956,1008.00,2022-04-04
417,100032828144,53.00,2022-04-04
418,100032952626,47.00,2022-04-04
419,100032952646,71.00,2022-04-04
420,100033280796,950.00,2022-04-04
421,100033280832,499.00,2022-04-04
422,100033299072,329.00,2022-04-04
423,100033696258,1028.00,2022-04-04
424,100033696302,776.00,2022-04-04
425,100033881670,99.00,2022-04-04
426,100033887198,520.00,2022-04-04
427,100033887256,310.00,2022-04-04
428,100033887258,310.00,2022-04-04
429,100033887268,310.00,2022-04-04
430,100034089562,465.00,2022-04-04
431,100034655998,315.00,2022-04-04
432,100034792762,156.00,2022-04-04
433,100034819516,700.00,2022-04-04
434,10020073668592,488.00,2022-04-04
435,10020079780485,23.00,2022-04-04
436,10020079780486,32.00,2022-04-04
437,10020079780487,76.00,2022-04-04
438,10020141352227,200.00,2022-04-04
439,10020157240177,49.90,2022-04-04
440,10020188941426,45.00,2022-04-04
441,10020268769700,520.00,2022-04-04
442,10020354760858,1032.00,2022-04-04
443,10021230045083,505.00,2022-04-04
444,10021230045084,725.00,2022-04-04
445,10021231780634,378.00,2022-04-04
446,10021459563583,259.00,2022-04-04
447,10021550380715,476.00,2022-04-04
448,10021601241214,78.00,2022-04-04
449,10021960568761,69.00,2022-04-04
450,10021960568762,69.00,2022-04-04
451,10022040416154,139.00,2022-04-04
452,10022138497846,46.00,2022-04-04
453,10022452128824,39.00,2022-04-04
454,10022949621960,17.80,2022-04-04
455,10022985704448,409.00,2022-04-04
456,10023060713248,38.00,2022-04-04
457,10023099791256,89.00,2022-04-04
458,10023322242344,29.90,2022-04-04
459,10023351745817,88.00,2022-04-04
460,10023402257104,128.00,2022-04-04
461,10023479954282,589.00,2022-04-04
462,10023643080506,217.00,2022-04-04
463,10023696432339,79.00,2022-04-04
464,10023862817838,291.00,2022-04-04
465,10024309296687,268.00,2022-04-04
466,10024788452070,369.00,2022-04-04
467,10024829241909,158.00,2022-04-04
468,10024937488214,132.00,2022-04-04
469,10024994594294,159.00,2022-04-04
470,10025027162418,269.00,2022-04-04
471,10025191830738,55.00,2022-04-04
472,10025324292945,129.00,2022-04-04
473,10025461461054,70.00,2022-04-04
474,10025485687998,349.00,2022-04-04
475,10025566989996,149.00,2022-04-04
476,10025622737004,59.00,2022-04-04
477,10025713311763,13.00,2022-04-04
478,10025713311764,39.00,2022-04-04
479,10025825650483,238.00,2022-04-04
480,10025825650484,238.00,2022-04-04
481,10025994806705,198.00,2022-04-04
482,10026031479014,49.00,2022-04-04
483,10026057816392,39.90,2022-04-04
484,10026066137956,39.90,2022-04-04
485,10026235554455,19.90,2022-04-04
486,10026238444063,148.00,2022-04-04
487,10026238444068,168.00,2022-04-04
488,10026268930349,187.00,2022-04-04
489,10026284459049,79.00,2022-04-04
490,10026284796152,98.00,2022-04-04
491,10026352573210,17.90,2022-04-04
492,361348,599.00,2022-04-05
493,2232378,459.00,2022-04-05
494,2322996,115.00,2022-04-05
495,2323589,106.00,2022-04-05
496,2673757,1199.00,2022-04-05
497,2835917,319.00,2022-04-05
498,2971313,19.90,2022-04-05
499,2990352,469.00,2022-04-05
500,2990358,359.00,2022-04-05
501,2990360,279.00,2022-04-05
502,2990374,195.00,2022-04-05
503,2990384,209.00,2022-04-05
504,2990388,799.00,2022-04-05
505,2990398,279.00,2022-04-05
506,3087293,135.00,2022-04-05
507,3930315,309.00,2022-04-05
508,4080291,10.90,2022-04-05
509,4311790,478.00,2022-04-05
510,4311792,525.00,2022-04-05
511,4311814,618.00,2022-04-05
512,4311902,210.00,2022-04-05
513,4343838,149.00,2022-04-05
514,4368712,628.00,2022-04-05
515,4648076,199.00,2022-04-05
516,4648088,199.00,2022-04-05
517,4722464,65.00,2022-04-05
518,4972612,329.00,2022-04-05
519,5120206,299.00,2022-04-05
520,5143646,1028.00,2022-04-05
521,5143648,658.00,2022-04-05
522,5158119,165.00,2022-04-05
523,5446512,75.00,2022-04-05
524,5760191,698.00,2022-04-05
525,5760197,658.00,2022-04-05
526,5760199,1068.00,2022-04-05
527,5819867,358.00,2022-04-05
528,6043315,55.00,2022-04-05
529,6050398,55.00,2022-04-05
530,6190146,155.00,2022-04-05
531,6291116,99.90,2022-04-05
532,7032274,199.00,2022-04-05
533,7246069,199.00,2022-04-05
534,7384589,15.90,2022-04-05
535,7385065,379.00,2022-04-05
536,7601074,492.00,2022-04-05
537,7867908,8.90,2022-04-05
538,8142893,225.00,2022-04-05
539,8646589,225.00,2022-04-05
540,1093832459,299.00,2022-04-05
541,1249277141,1595.00,2022-04-05
542,1294085306,88.00,2022-04-05
543,1760487425,298.00,2022-04-05
544,1781277333,256.00,2022-04-05
545,1959605540,39.90,2022-04-05
546,1959812545,41.80,2022-04-05
547,1959812551,41.80,2022-04-05
548,1959815131,41.80,2022-04-05
549,1985843603,89.00,2022-04-05
550,10111820907,256.00,2022-04-05
551,10277662824,125.00,2022-04-05
552,10279539800,188.00,2022-04-05
553,10279584155,176.00,2022-04-05
554,10360511797,63.00,2022-04-05
555,10372784673,44.90,2022-04-05
556,10483999868,158.00,2022-04-05
557,10484588383,669.00,2022-04-05
558,10594752619,399.00,2022-04-05
559,11067527590,11.90,2022-04-05
560,11258991343,106.00,2022-04-05
561,11680165109,98.00,2022-04-05
562,12049090771,998.00,2022-04-05
563,12085307744,998.00,2022-04-05
564,12947515146,499.00,2022-04-05
565,13154801006,188.00,2022-04-05
566,13179797973,69.90,2022-04-05
567,13699145591,4.20,2022-04-05
568,14739983086,29.90,2022-04-05
569,14944888963,118.00,2022-04-05
570,15233181369,326.00,2022-04-05
571,15236123739,438.00,2022-04-05
572,15642314880,99.00,2022-04-05
573,15785122365,439.00,2022-04-05
574,16245795493,268.00,2022-04-05
575,16878933215,35.00,2022-04-05
576,16923491224,315.00,2022-04-05
577,18186171616,29.90,2022-04-05
578,18671346322,27.00,2022-04-05
579,19663918496,389.00,2022-04-05
580,19663918497,339.00,2022-04-05
581,20349706218,90.00,2022-04-05
582,20545488871,515.00,2022-04-05
583,20545488874,799.00,2022-04-05
584,20803040572,128.00,2022-04-05
585,21872606579,360.00,2022-04-05
586,22299781350,799.00,2022-04-05
587,23316275397,408.00,2022-04-05
588,23463502709,436.00,2022-04-05
589,24289289184,209.00,2022-04-05
590,24677823445,69.00,2022-04-05
591,25171513713,199.00,2022-04-05
592,25469867606,479.00,2022-04-05
593,25609666855,275.00,2022-04-05
594,25622773858,442.00,2022-04-05
595,26223089596,419.90,2022-04-05
596,26687956009,128.00,2022-04-05
597,27185577215,385.00,2022-04-05
598,27814530794,367.00,2022-04-05
599,28226348709,80.00,2022-04-05
600,28226443284,72.00,2022-04-05
601,28226579380,88.00,2022-04-05
602,28226635640,96.00,2022-04-05
603,28230155215,1236.20,2022-04-05
604,28412624691,82.00,2022-04-05
605,28958020718,27.90,2022-04-05
606,29673898634,69.00,2022-04-05
607,29673905952,52.00,2022-04-05
608,29726441623,1200.00,2022-04-05
609,29963136754,246.00,2022-04-05
610,29971690573,308.00,2022-04-05
611,30004073532,1125.00,2022-04-05
612,30031754101,59.90,2022-04-05
613,30035074590,85.00,2022-04-05
614,30195298583,732.00,2022-04-05
615,30195298584,538.00,2022-04-05
616,30223774626,85.00,2022-04-05
617,30320367458,138.00,2022-04-05
618,31584773425,129.90,2022-04-05
619,31593694324,86.00,2022-04-05
620,31638881658,128.00,2022-04-05
621,32415963454,29.90,2022-04-05
622,32415963455,56.80,2022-04-05
623,32415963456,73.90,2022-04-05
624,32580567095,29.90,2022-04-05
625,34153363319,119.00,2022-04-05
626,34154238817,235.00,2022-04-05
627,36163547449,615.00,2022-04-05
628,36449072810,449.00,2022-04-05
629,37764262099,85.00,2022-04-05
630,38424225273,108.00,2022-04-05
631,40055254638,199.00,2022-04-05
632,41015926995,189.00,2022-04-05
633,41280957136,89.00,2022-04-05
634,41552470565,99.00,2022-04-05
635,42933872237,819.00,2022-04-05
636,43204360745,99.00,2022-04-05
637,43215763760,99.00,2022-04-05
638,43416158975,499.00,2022-04-05
639,43419210679,249.00,2022-04-05
640,43422642024,129.00,2022-04-05
641,43558536580,198.00,2022-04-05
642,43706791602,29.90,2022-04-05
643,43706791606,29.90,2022-04-05
644,43736658557,159.90,2022-04-05
645,44224524212,34.90,2022-04-05
646,44986831441,257.00,2022-04-05
647,45087976145,199.00,2022-04-05
648,45465404091,6.90,2022-04-05
649,46074337427,29.00,2022-04-05
650,46093359800,56.00,2022-04-05
651,46093382307,53.00,2022-04-05
652,46093382308,52.00,2022-04-05
653,47702266893,155.00,2022-04-05
654,48318046464,98.00,2022-04-05
655,48429501798,99.00,2022-04-05
656,48930784166,399.90,2022-04-05
657,51639799245,59.00,2022-04-05
658,52117171337,178.70,2022-04-05
659,52117171338,178.70,2022-04-05
660,52611848374,311.90,2022-04-05
661,52882363084,299.00,2022-04-05
662,53345634387,75.00,2022-04-05
663,54297347923,278.00,2022-04-05
664,54322083878,599.00,2022-04-05
665,55387116376,108.00,2022-04-05
666,55803137900,98.00,2022-04-05
667,56079068569,128.00,2022-04-05
668,56357021056,582.00,2022-04-05
669,57130234107,79.00,2022-04-05
670,57773464434,615.00,2022-04-05
671,58673490135,29.90,2022-04-05
672,58673490136,39.90,2022-04-05
673,58735134884,289.00,2022-04-05
674,58735134886,279.00,2022-04-05
675,58735134887,359.00,2022-04-05
676,59180771706,85.00,2022-04-05
677,59380218158,315.00,2022-04-05
678,59380218160,799.00,2022-04-05
679,59412555488,680.00,2022-04-05
680,59734177096,128.00,2022-04-05
681,59799477354,296.00,2022-04-05
682,60605087824,94.00,2022-04-05
683,60737179667,158.00,2022-04-05
684,61521682668,258.00,2022-04-05
685,61522703177,165.00,2022-04-05
686,61824767321,399.00,2022-04-05
687,61843048518,139.00,2022-04-05
688,62206442195,309.00,2022-04-05
689,63282610104,85.00,2022-04-05
690,63475157961,730.00,2022-04-05
691,64119028893,1248.00,2022-04-05
692,64176279170,536.00,2022-04-05
693,64176279172,576.00,2022-04-05
694,64570935194,230.00,2022-04-05
695,64624667508,58.00,2022-04-05
696,64664017172,146.00,2022-04-05
697,65155998385,99.00,2022-04-05
698,65367643284,429.00,2022-04-05
699,65386461380,129.00,2022-04-05
700,65402690271,278.90,2022-04-05
701,65660816358,199.00,2022-04-05
702,66199519236,20.00,2022-04-05
703,66340755825,119.00,2022-04-05
704,66340755843,269.00,2022-04-05
705,66457464522,856.00,2022-04-05
706,66671252873,59.00,2022-04-05
707,67153888498,559.00,2022-04-05
708,67172200696,489.00,2022-04-05
709,67233320227,1280.00,2022-04-05
710,67513200111,79.00,2022-04-05
711,67513200125,79.00,2022-04-05
712,67771927771,560.00,2022-04-05
713,67925046113,69.00,2022-04-05
714,67979163932,548.00,2022-04-05
715,68035186544,318.00,2022-04-05
716,68411078513,576.00,2022-04-05
717,69062319022,89.00,2022-04-05
718,69081256120,99.00,2022-04-05
719,69081256123,119.00,2022-04-05
720,69333267548,129.00,2022-04-05
721,69333267549,169.00,2022-04-05
722,69401401705,79.00,2022-04-05
723,69536342055,155.00,2022-04-05
724,69562923996,108.00,2022-04-05
725,69625112539,188.00,2022-04-05
726,69628125409,289.00,2022-04-05
727,69777135826,409.00,2022-04-05
728,70032921683,243.00,2022-04-05
729,70328384160,68.00,2022-04-05
730,70799435420,248.00,2022-04-05
731,70899204234,175.00,2022-04-05
732,71018864084,489.00,2022-04-05
733,71173905097,98.00,2022-04-05
734,71438184008,39.00,2022-04-05
735,71446457348,129.00,2022-04-05
736,71474034813,168.00,2022-04-05
737,71696667972,69.00,2022-04-05
738,71845313158,289.00,2022-04-05
739,71845313159,328.00,2022-04-05
740,71845313160,229.00,2022-04-05
741,71851535423,576.00,2022-04-05
742,71869504173,1280.00,2022-04-05
743,71976859456,99.00,2022-04-05
744,72129407995,36.00,2022-04-05
745,72177744288,129.00,2022-04-05
746,72192762819,98.00,2022-04-05
747,72321744330,108.00,2022-04-05
748,72483101173,1218.00,2022-04-05
749,100002177732,34.80,2022-04-05
750,100004013619,545.00,2022-04-05
751,100004403993,77.00,2022-04-05
752,100004789005,699.00,2022-04-05
753,100005040975,238.00,2022-04-05
754,100005223761,839.00,2022-04-05
755,100005503806,125.00,2022-04-05
756,100005568041,599.00,2022-04-05
757,100005768047,299.00,2022-04-05
758,100005815161,149.00,2022-04-05
759,100005873821,1899.00,2022-04-05
760,100005873825,1899.00,2022-04-05
761,100006262957,319.00,2022-04-05
762,100006771483,399.00,2022-04-05
763,100006771485,329.00,2022-04-05
764,100006776227,199.00,2022-04-05
765,100006811828,339.00,2022-04-05
766,100006879434,698.00,2022-04-05
767,100007004286,299.00,2022-04-05
768,100007090981,329.00,2022-04-05
769,100007111859,1199.00,2022-04-05
770,100007232565,129.90,2022-04-05
771,100007512694,298.00,2022-04-05
772,100007852395,1099.00,2022-04-05
773,100008172880,549.00,2022-04-05
774,100008262768,199.90,2022-04-05
775,100008262770,59.90,2022-04-05
776,100008262784,59.90,2022-04-05
777,100008348694,199.90,2022-04-05
778,100009252334,839.00,2022-04-05
779,100009543219,69.00,2022-04-05
780,100009889695,599.00,2022-04-05
781,100009940534,599.00,2022-04-05
782,100010352055,118.00,2022-04-05
783,100010405824,51.00,2022-04-05
784,100010524374,58.90,2022-04-05
785,100010599350,1499.00,2022-04-05
786,100010618341,65.00,2022-04-05
787,100010759724,599.00,2022-04-05
788,100010880628,59.90,2022-04-05
789,100010917074,69.90,2022-04-05
790,100011248991,129.00,2022-04-05
791,100011251529,1058.00,2022-04-05
792,100011260180,279.00,2022-04-05
793,100011323932,319.00,2022-04-05
794,100011565495,39.00,2022-04-05
795,100011780942,349.00,2022-04-05
796,100012031981,398.00,2022-04-05
797,100012340694,225.00,2022-04-05
798,100012340700,399.00,2022-04-05
799,100012340704,399.00,2022-04-05
800,100012674059,39.80,2022-04-05
801,100012816457,799.00,2022-04-05
802,100012960629,225.00,2022-04-05
803,100012976226,329.00,2022-04-05
804,100012976232,329.00,2022-04-05
805,100013017716,749.00,2022-04-05
806,100013017734,499.00,2022-04-05
807,100013017738,1199.00,2022-04-05
808,100013037996,309.00,2022-04-05
809,100013038018,319.00,2022-04-05
810,100013563395,795.00,2022-04-05
811,100013705379,69.00,2022-04-05
812,100013769769,549.00,2022-04-05
813,100013800452,15.90,2022-04-05
814,100013934917,499.00,2022-04-05
815,100014448019,266.00,2022-04-05
816,100014657627,329.00,2022-04-05
817,100014676991,109.00,2022-04-05
818,100014676997,69.00,2022-04-05
819,100015070419,79.00,2022-04-05
820,100015070453,49.90,2022-04-05
821,100015118784,2199.00,2022-04-05
822,100015143094,39.80,2022-04-05
823,100015339016,79.90,2022-04-05
824,100015635971,128.00,2022-04-05
825,100015742658,7.90,2022-04-05
826,100015994058,79.00,2022-04-05
827,100016004286,259.00,2022-04-05
828,100016070130,278.00,2022-04-05
829,100016240266,39.90,2022-04-05
830,100016265821,189.90,2022-04-05
831,100016349674,319.00,2022-04-05
832,100016349728,329.00,2022-04-05
833,100016506871,180.00,2022-04-05
834,100016600200,128.00,2022-04-05
835,100016613797,398.00,2022-04-05
836,100016710860,379.00,2022-04-05
837,100016727486,329.00,2022-04-05
838,100016753765,1599.00,2022-04-05
839,100017010320,69.00,2022-04-05
840,100017269243,950.00,2022-04-05
841,100017553183,129.00,2022-04-05
842,100017580285,1759.00,2022-04-05
843,100017743188,29.70,2022-04-05
844,100017744446,519.00,2022-04-05
845,100017868829,439.00,2022-04-05
846,100017884311,344.00,2022-04-05
847,100017884859,915.00,2022-04-05
848,100017926487,128.00,2022-04-05
849,100018159559,389.00,2022-04-05
850,100018380766,699.00,2022-04-05
851,100018400672,22.80,2022-04-05
852,100018558102,329.00,2022-04-05
853,100018558104,249.00,2022-04-05
854,100018578551,49.90,2022-04-05
855,100018939001,319.00,2022-04-05
856,100019117738,29.00,2022-04-05
857,100019169085,310.00,2022-04-05
858,100019169093,350.00,2022-04-05
859,100019169115,350.00,2022-04-05
860,10036757962385,99.00,2022-04-05
861,10036772690297,138.00,2022-04-05
862,10036953278243,54.00,2022-04-05
863,10036953278244,54.00,2022-04-05
864,10036991122684,499.00,2022-04-05
865,10037039584533,31.90,2022-04-05
866,10037247344608,79.80,2022-04-05
867,10037258414411,2503.00,2022-04-05
868,10037381726576,98.00,2022-04-05
869,10037510743840,49.00,2022-04-05
870,10037604107949,126.00,2022-04-05
871,10037606689120,69.00,2022-04-05
872,10037623805945,619.00,2022-04-05
873,10037813100190,1028.00,2022-04-05
874,10038126108634,168.00,2022-04-05
875,10038131466178,148.00,2022-04-05
876,10038146192076,52.90,2022-04-05
877,10038156600204,37.00,2022-04-05
878,10038463113996,1802.00,2022-04-05
879,10038563166384,68.00,2022-04-05
880,10038620425654,68.50,2022-04-05
881,10038629970656,282.00,2022-04-05
882,10038633383267,318.00,2022-04-05
883,10038781868240,68.00,2022-04-05
884,10038964962798,168.00,2022-04-05
885,10039075344419,168.00,2022-04-05
886,10039127239946,196.00,2022-04-05
887,10039145766153,106.00,2022-04-05
888,10039173553346,188.00,2022-04-05
889,10039337699068,359.00,2022-04-05
890,10039345309845,1478.00,2022-04-05
891,10039349016161,258.00,2022-04-05
892,10039369216549,565.00,2022-04-05
893,10039396431766,230.00,2022-04-05
894,10039484804114,299.00,2022-04-05
895,10039497581580,299.00,2022-04-05
896,10039497807607,148.00,2022-04-05
897,10039497807608,158.00,2022-04-05
898,10039597946454,405.00,2022-04-05
899,10039668341973,162.85,2022-04-05
900,10039814035602,1186.00,2022-04-05
901,10039835759558,39.00,2022-04-05
902,10039842979840,298.00,2022-04-05
903,10040013923191,275.00,2022-04-05
904,10040013923193,275.00,2022-04-05
905,10040013923195,596.00,2022-04-05
906,10040017476966,245.00,2022-04-05
907,10040017476967,245.00,2022-04-05
908,10040017476968,245.00,2022-04-05
909,10040017476969,259.00,2022-04-05
910,10040017476970,245.00,2022-04-05
911,10040017476976,982.00,2022-04-05
912,10040139659689,19.90,2022-04-05
913,10040142773567,69.00,2022-04-05
914,10040244225815,179.00,2022-04-05
915,10040503894204,10.00,2022-04-05
916,10040503894207,10.00,2022-04-05
917,10040542725097,118.00,2022-04-05
918,10040628770954,68.00,2022-04-05
919,10040690258860,159.00,2022-04-05
920,10040690258871,49.00,2022-04-05
921,10040778534825,209.90,2022-04-05
922,10040914691882,139.00,2022-04-05
923,10040939881634,90.00,2022-04-05
924,10040943374472,59.90,2022-04-05
925,10040951096259,288.00,2022-04-05
926,10040958215720,138.00,2022-04-05
927,10041130893780,308.00,2022-04-05
928,10041168299756,258.00,2022-04-05
929,10041332919638,258.00,2022-04-05
930,10041394056837,258.00,2022-04-05
931,10041550360598,79.00,2022-04-05
932,10041576508240,39.00,2022-04-05
933,10041673575487,48.00,2022-04-05
934,10041741822130,699.00,2022-04-05
935,10041772612574,219.00,2022-04-05
936,10041833870985,58.00,2022-04-05
937,10041864936439,116.00,2022-04-05
938,10041955076359,49.90,2022-04-05
939,10041960078156,550.00,2022-04-05
940,10042011039796,198.00,2022-04-05
941,10042026538830,236.00,2022-04-05
942,10042123109564,189.00,2022-04-05
943,10042234081915,298.00,2022-04-05
944,10042281570823,238.00,2022-04-05
945,10042319292599,28.50,2022-04-05
946,10042330659509,298.00,2022-04-05
947,10042475326093,296.00,2022-04-05
948,10042475689470,298.00,2022-04-05
949,10042488585485,142.00,2022-04-05
950,10042533387986,238.00,2022-04-05
951,10042641561966,39.90,2022-04-05
952,10042641970585,208.00,2022-04-05
953,10042641970586,288.00,2022-04-05
954,10042649614038,48.00,2022-04-05
955,10042817026014,56.70,2022-04-05
956,10042817026021,56.70,2022-04-05
957,10042845922269,48.00,2022-04-05
958,10042845922271,48.00,2022-04-05
959,10042858347858,148.00,2022-04-05
960,10042982551291,219.00,2022-04-05
961,10043002358590,169.00,2022-04-05
962,10043093215971,59.00,2022-04-05
963,10043096186529,39.00,2022-04-05
964,10043266904168,37.00,2022-04-05
965,10043329404308,107.90,2022-04-05
966,10043331853923,50.90,2022-04-05
967,10043344413413,10.00,2022-04-05
968,10043355012496,199.00,2022-04-05
969,10043505480312,118.00,2022-04-05
970,10043512060282,68.00,2022-04-05
971,10043544184411,85.00,2022-04-05
972,10043573934737,298.00,2022-04-05
973,10043573934738,298.00,2022-04-05
974,10043599049174,288.00,2022-04-05
975,10043609315206,288.00,2022-04-05
976,10043609315208,288.00,2022-04-05
977,10043609315210,288.00,2022-04-05
978,10043609349295,288.00,2022-04-05
979,10043609349296,288.00,2022-04-05
980,10043609349297,288.00,2022-04-05
981,10043609349298,288.00,2022-04-05
982,10043609349301,576.00,2022-04-05
983,10043609349303,378.00,2022-04-05
984,10043609365113,576.00,2022-04-05
985,10043609365114,576.00,2022-04-05
986,10043609365115,1198.00,2022-04-05
987,10043609365116,1398.00,2022-04-05
988,10043609365117,378.00,2022-04-05
989,10043609398610,298.00,2022-04-05
990,10043609409311,298.00,2022-04-05
991,10043609409312,298.00,2022-04-05
992,10043609409313,298.00,2022-04-05
993,10043609409314,1368.00,2022-04-05
994,10043609481491,318.00,2022-04-05
995,10043609481492,1272.00,2022-04-05
996,10043609481493,1908.00,2022-04-05
997,10043619118499,1308.00,2022-04-05
998,10043646014436,99.00,2022-04-05
999,10043666219818,198.00,2022-04-05
1000,10043702443087,398.00,2022-04-05
1001,10043835973995,119.00,2022-04-05
1002,10043840002624,258.00,2022-04-05
1003,10044240637373,189.00,2022-04-05
1004,10044461702935,229.00,2022-04-05
1005,10044536931423,145.00,2022-04-05
1006,10044634098561,268.00,2022-04-05
1007,10044848396510,19.90,2022-04-05
1008,10044954061514,10.00,2022-04-05
1009,10044954061524,10.00,2022-04-05
1010,10044954061527,10.00,2022-04-05
1011,10044988759047,199.00,2022-04-05
1012,10045017735333,19.90,2022-04-05
1013,10045413014064,99.00,2022-04-05
1014,10045751894653,27.30,2022-04-05
1015,10045882535025,98.00,2022-04-05
1016,10046092699949,99.00,2022-04-05
1017,10046101744694,99.00,2022-04-05
1018,10046316270217,46.00,2022-04-05
1019,10046834520333,105.00,2022-04-05
1020,10047437727165,109.00,2022-04-05
1021,361348,599.00,2022-04-06
1022,1035901,45.90,2022-04-06
1023,2232378,439.00,2022-04-06
1024,2322996,112.00,2022-04-06
1025,2323589,103.00,2022-04-06
1026,2673757,1149.00,2022-04-06
1027,2835917,309.00,2022-04-06
1028,2971313,19.90,2022-04-06
1029,2990352,459.00,2022-04-06
1030,2990358,359.00,2022-04-06
1031,2990360,259.00,2022-04-06
1032,2990374,189.00,2022-04-06
1033,2990384,199.00,2022-04-06
1034,2990388,809.00,2022-04-06
1035,2990398,259.00,2022-04-06
1036,3087293,135.00,2022-04-06
1037,3930315,299.00,2022-04-06
1038,4080291,10.90,2022-04-06
1039,4311790,478.00,2022-04-06
1040,4311792,525.00,2022-04-06
1041,4311814,618.00,2022-04-06
1042,4311902,235.00,2022-04-06
1043,4343838,139.00,2022-04-06
1044,4368712,628.00,2022-04-06
1045,4368728,728.00,2022-04-06
1046,4648076,199.00,2022-04-06
1047,4648088,199.00,2022-04-06
1048,4722464,75.00,2022-04-06
1049,4972612,329.00,2022-04-06
1050,5120206,289.00,2022-04-06
1051,5143646,1028.00,2022-04-06
1052,5143648,658.00,2022-04-06
1053,5158119,155.00,2022-04-06
1054,5446512,72.00,2022-04-06
1055,5760191,698.00,2022-04-06
1056,5760197,658.00,2022-04-06
1057,5760199,1068.00,2022-04-06
1058,5819867,328.00,2022-04-06
1059,6043315,49.90,2022-04-06
1060,6050398,49.90,2022-04-06
1061,6190146,155.00,2022-04-06
1062,6291116,89.00,2022-04-06
1063,7032274,189.00,2022-04-06
1064,7246069,189.00,2022-04-06
1065,7384589,15.90,2022-04-06
1066,7385065,375.00,2022-04-06
1067,7601074,415.00,2022-04-06
1068,7867908,8.90,2022-04-06
1069,8142893,218.00,2022-04-06
1070,8646589,215.00,2022-04-06
1071,1093832459,299.00,2022-04-06
1072,1249277141,1595.00,2022-04-06
1073,1294085306,88.00,2022-04-06
1074,1760487425,298.00,2022-04-06
1075,1781277333,209.00,2022-04-06
1076,1959605540,29.90,2022-04-06
1077,1959812545,39.00,2022-04-06
1078,1959812551,39.00,2022-04-06
1079,1959815131,41.80,2022-04-06
1080,1985843603,89.00,2022-04-06
1081,10111820907,256.00,2022-04-06
1082,10277662824,125.00,2022-04-06
1083,10277853020,132.00,2022-04-06
1084,10279539800,188.00,2022-04-06
1085,10279584155,176.00,2022-04-06
1086,10360511797,63.00,2022-04-06
1087,10372784673,44.90,2022-04-06
1088,10483999868,158.00,2022-04-06
1089,10484588383,669.00,2022-04-06
1090,10594752619,399.00,2022-04-06
1091,11067527590,11.90,2022-04-06
1092,11258991343,106.00,2022-04-06
1093,11680165109,98.00,2022-04-06
1094,12049090771,998.00,2022-04-06
1095,12085307744,998.00,2022-04-06
1096,12947515146,499.00,2022-04-06
1097,13154801006,188.00,2022-04-06
1098,13179797973,69.90,2022-04-06
1099,13699145591,4.20,2022-04-06
1100,14739983086,29.90,2022-04-06
1101,14944888963,118.00,2022-04-06
1102,15233181369,326.00,2022-04-06
1103,15236123739,438.00,2022-04-06
1104,15642314880,109.00,2022-04-06
1105,15785122365,429.00,2022-04-06
1106,16245795493,268.00,2022-04-06
1107,16878933215,35.00,2022-04-06
1108,16923491224,315.00,2022-04-06
1109,18186171616,29.90,2022-04-06
1110,18671346322,27.00,2022-04-06
1111,19663918496,379.00,2022-04-06
1112,19663918497,339.00,2022-04-06
1113,20349706218,90.00,2022-04-06
1114,20545488871,515.00,2022-04-06
1115,20545488874,799.00,2022-04-06
1116,20803040572,128.00,2022-04-06
1117,21872606579,360.00,2022-04-06
1118,22299781350,799.00,2022-04-06
1119,23316275397,408.00,2022-04-06
1120,24289289184,204.00,2022-04-06
1121,24677823445,69.00,2022-04-06
1122,25609666855,275.00,2022-04-06
1123,25622773858,442.00,2022-04-06
1124,26223089596,419.90,2022-04-06
1125,26687956009,128.00,2022-04-06
1126,27185577215,385.00,2022-04-06
1127,27814530794,367.00,2022-04-06
1128,28226348709,80.00,2022-04-06
1129,28226443284,72.00,2022-04-06
1130,28226579380,88.00,2022-04-06
1131,28226635640,96.00,2022-04-06
1132,28230155215,1236.20,2022-04-06
1133,28412624691,82.00,2022-04-06
1134,28958020718,27.90,2022-04-06
1135,29673898634,69.00,2022-04-06
1136,29673905952,52.00,2022-04-06
1137,29726441623,1200.00,2022-04-06
1138,29963136754,246.00,2022-04-06
1139,29971690573,308.00,2022-04-06
1140,30004073532,1125.00,2022-04-06
1141,30031754101,59.90,2022-04-06
1142,30035074590,85.00,2022-04-06
1143,30195298583,732.00,2022-04-06
1144,30195298584,538.00,2022-04-06
1145,30223774626,85.00,2022-04-06
1146,30320367458,128.00,2022-04-06
1147,31584773425,129.90,2022-04-06
1148,31593694324,84.00,2022-04-06
1149,31638881658,128.00,2022-04-06
1150,32415963454,29.90,2022-04-06
1151,32415963455,56.80,2022-04-06
1152,32415963456,73.90,2022-04-06
1153,32580567095,29.90,2022-04-06
1154,34153363319,119.00,2022-04-06
1155,34154238817,235.00,2022-04-06
1156,35506703593,299.00,2022-04-06
1157,36163547449,615.00,2022-04-06
1158,36449072810,449.00,2022-04-06
1159,37764262099,85.00,2022-04-06
1160,38424225273,108.00,2022-04-06
1161,40055254638,199.00,2022-04-06
1162,41015926995,189.00,2022-04-06
1163,41280957136,89.00,2022-04-06
1164,41552470565,105.00,2022-04-06
1165,42933872237,819.00,2022-04-06
1166,43204360745,99.00,2022-04-06
1167,43215763760,99.00,2022-04-06
1168,43416158975,479.00,2022-04-06
1169,43419210679,239.00,2022-04-06
1170,43422642024,129.00,2022-04-06
1171,43558536580,198.00,2022-04-06
1172,43706791602,29.90,2022-04-06
1173,43706791605,29.90,2022-04-06
1174,43706791606,29.90,2022-04-06
1175,43736658557,159.90,2022-04-06
1176,44224524212,39.90,2022-04-06
1177,44986831441,257.00,2022-04-06
1178,45087976145,199.00,2022-04-06
1179,45465404091,6.90,2022-04-06
1180,46093359800,56.00,2022-04-06
1181,46093382307,53.00,2022-04-06
1182,46093382308,52.00,2022-04-06
1183,46959758030,558.00,2022-04-06
1184,47702266893,146.00,2022-04-06
1185,48318046464,98.00,2022-04-06
1186,48429501798,149.00,2022-04-06
1187,48930784166,399.90,2022-04-06
1188,51639799245,49.00,2022-04-06
1189,52117171337,178.70,2022-04-06
1190,52117171338,178.70,2022-04-06
1191,52611848374,311.90,2022-04-06
1192,52882363084,289.00,2022-04-06
1193,53345634387,75.00,2022-04-06
1194,54297347923,278.00,2022-04-06
1195,54322083878,599.00,2022-04-06
1196,55387116376,108.00,2022-04-06
1197,55803137900,88.00,2022-04-06
1198,56079068569,128.00,2022-04-06
1199,56357021056,569.00,2022-04-06
1200,57130234107,79.00,2022-04-06
1201,57773464434,615.00,2022-04-06
1202,58673490135,29.90,2022-04-06
1203,58673490136,39.90,2022-04-06
1204,58735134884,289.00,2022-04-06
1205,58735134886,279.00,2022-04-06
1206,58735134887,359.00,2022-04-06
1207,59180771706,85.00,2022-04-06
1208,59380218158,315.00,2022-04-06
1209,59380218160,799.00,2022-04-06
1210,59412555488,680.00,2022-04-06
1211,59734177096,128.00,2022-04-06
1212,59799477354,296.00,2022-04-06
1213,60605087824,99.00,2022-04-06
1214,60737179667,158.00,2022-04-06
1215,61521682668,258.00,2022-04-06
1216,61522703177,165.00,2022-04-06
1217,61824767321,389.00,2022-04-06
1218,61843048518,139.00,2022-04-06
1219,62206442195,300.00,2022-04-06
1220,63282610104,85.00,2022-04-06
1221,63475157961,730.00,2022-04-06
1222,64119028893,1248.00,2022-04-06
1223,64176279170,536.00,2022-04-06
1224,64176279172,576.00,2022-04-06
1225,64570935194,230.00,2022-04-06
1226,64664017172,146.00,2022-04-06
1227,65155998385,99.00,2022-04-06
1228,65367643284,429.00,2022-04-06
1229,65386461380,159.00,2022-04-06
1230,65402690271,278.90,2022-04-06
1231,65660816358,199.00,2022-04-06
1232,66199519236,20.00,2022-04-06
1233,66340755825,125.00,2022-04-06
1234,66340755843,279.00,2022-04-06
1235,66457464522,856.00,2022-04-06
1236,66671252873,59.00,2022-04-06
1237,67153888498,559.00,2022-04-06
1238,67172200696,479.00,2022-04-06
1239,67233320227,1280.00,2022-04-06
1240,67513200111,79.00,2022-04-06
1241,67513200125,79.00,2022-04-06
1242,67771927771,560.00,2022-04-06
1243,67925046113,69.00,2022-04-06
1244,67979163932,548.00,2022-04-06
1245,68035186544,278.00,2022-04-06
1246,68411073996,986.00,2022-04-06
1247,68411078513,576.00,2022-04-06
1248,69062319022,89.00,2022-04-06
1249,69081256120,99.00,2022-04-06
1250,69081256123,119.00,2022-04-06
1251,69333267548,129.00,2022-04-06
1252,69333267549,169.00,2022-04-06
1253,69401401705,79.00,2022-04-06
1254,69536342055,179.00,2022-04-06
1255,69562923996,108.00,2022-04-06
1256,69625112539,178.00,2022-04-06
1257,69628125409,299.00,2022-04-06
1258,69777135826,409.00,2022-04-06
1259,70032921683,243.00,2022-04-06
1260,70328384160,68.00,2022-04-06
1261,70799435420,248.00,2022-04-06
1262,70899204234,175.00,2022-04-06
1263,71018864084,489.00,2022-04-06
1264,71173905097,98.00,2022-04-06
1265,71438184008,39.00,2022-04-06
1266,71446457348,129.00,2022-04-06
1267,71474034813,168.00,2022-04-06
1268,71696667972,69.00,2022-04-06
1269,71845313158,289.00,2022-04-06
1270,71845313159,328.00,2022-04-06
1271,71845313160,229.00,2022-04-06
1272,71851535423,576.00,2022-04-06
1273,71869504173,1280.00,2022-04-06
1274,71976859456,99.00,2022-04-06
1275,72129407995,39.00,2022-04-06
1276,72177744288,139.00,2022-04-06
1277,72192762819,98.00,2022-04-06
1278,72321744330,108.00,2022-04-06
1279,72483101173,1218.00,2022-04-06
1280,100002177732,34.80,2022-04-06
1281,100004013619,412.00,2022-04-06
1282,100004403993,77.00,2022-04-06
1283,100004789005,679.00,2022-04-06
1284,100005040975,239.00,2022-04-06
1285,100005223761,799.00,2022-04-06
1286,100005503806,109.00,2022-04-06
1287,100005568041,579.00,2022-04-06
1288,100005768047,285.00,2022-04-06
1289,100005815161,169.00,2022-04-06
1290,100005873825,1599.00,2022-04-06
1291,100006262957,319.00,2022-04-06
1292,100006771483,379.00,2022-04-06
1293,100006771485,329.00,2022-04-06
1294,100006776227,199.00,2022-04-06
1295,100006811828,339.00,2022-04-06
1296,100006879434,698.00,2022-04-06
1297,100007004286,289.00,2022-04-06
1298,100007111859,1090.00,2022-04-06
1299,100007232565,129.90,2022-04-06
1300,100007512694,298.00,2022-04-06
1301,100007852395,999.00,2022-04-06
1302,100008172880,558.00,2022-04-06
1303,100008262768,199.90,2022-04-06
1304,100008262770,59.90,2022-04-06
1305,100008262784,59.90,2022-04-06
1306,100008348694,199.90,2022-04-06
1307,100008556195,179.00,2022-04-06
1308,100009252334,799.00,2022-04-06
1309,100009543219,59.00,2022-04-06
1310,100009889695,568.00,2022-04-06
1311,100009940534,579.00,2022-04-06
1312,100010352055,118.00,2022-04-06
1313,100010405824,45.00,2022-04-06
1314,100010524374,58.90,2022-04-06
1315,100010599350,1499.00,2022-04-06
1316,100010618341,65.00,2022-04-06
1317,100010759724,599.00,2022-04-06
1318,100010880628,69.90,2022-04-06
1319,100011248991,125.00,2022-04-06
1320,100011251529,1058.00,2022-04-06
1321,100011260180,269.00,2022-04-06
1322,100011323932,370.00,2022-04-06
1323,100011565495,39.00,2022-04-06
1324,100011780942,349.00,2022-04-06
1325,100012031981,398.00,2022-04-06
1326,100012340694,215.00,2022-04-06
1327,100012340700,379.00,2022-04-06
1328,100012340704,379.00,2022-04-06
1329,100012674059,39.80,2022-04-06
1330,100012960629,215.00,2022-04-06
1331,100012976226,329.00,2022-04-06
1332,100012976232,329.00,2022-04-06
1333,100013017716,699.00,2022-04-06
1334,100013017734,439.00,2022-04-06
1335,100013017738,1090.00,2022-04-06
1336,100013037996,309.00,2022-04-06
1337,100013038018,319.00,2022-04-06
1338,100013563395,699.00,2022-04-06
1339,100013705379,79.00,2022-04-06
1340,100013769769,529.00,2022-04-06
1341,100013800452,15.90,2022-04-06
1342,100013934917,488.00,2022-04-06
1343,100014448019,266.00,2022-04-06
1344,100014657627,339.00,2022-04-06
1345,100014676991,119.00,2022-04-06
1346,100014676997,79.00,2022-04-06
1347,100015070419,79.00,2022-04-06
1348,100015070453,49.90,2022-04-06
1349,100015118784,2199.00,2022-04-06
1350,100015143094,39.80,2022-04-06
1351,100015339016,79.90,2022-04-06
1352,100015424339,98.00,2022-04-06
1353,100015635971,138.00,2022-04-06
1354,100015742658,7.90,2022-04-06
1355,100015994058,79.00,2022-04-06
1356,100016004286,259.00,2022-04-06
1357,100016070130,279.00,2022-04-06
1358,100016240266,39.90,2022-04-06
1359,100016265821,199.90,2022-04-06
1360,100016349674,319.00,2022-04-06
1361,100016349728,329.00,2022-04-06
1362,100016506871,180.00,2022-04-06
1363,100016600200,138.00,2022-04-06
1364,100016613797,398.00,2022-04-06
1365,100016710860,375.00,2022-04-06
1366,100016727486,329.00,2022-04-06
1367,100016753765,1599.00,2022-04-06
1368,100017010320,79.00,2022-04-06
1369,100017269243,950.00,2022-04-06
1370,100017553183,129.00,2022-04-06
1371,100017580285,1759.00,2022-04-06
1372,100017744446,519.00,2022-04-06
1373,100017868829,439.00,2022-04-06
1374,100017884311,344.00,2022-04-06
1375,100017884859,915.00,2022-04-06
1376,100017926487,128.00,2022-04-06
1377,100018159559,389.00,2022-04-06
1378,100018380766,699.00,2022-04-06
1379,100018400672,26.00,2022-04-06
1380,100018558102,309.00,2022-04-06
1381,100018558104,239.00,2022-04-06
1382,100018578551,49.90,2022-04-06
1383,100018939001,319.00,2022-04-06
1384,100019117738,29.00,2022-04-06
1385,100019169085,310.00,2022-04-06
1386,100019169093,350.00,2022-04-06
1387,100019169115,350.00,2022-04-06
1388,100019169121,350.00,2022-04-06
1389,100019212742,308.00,2022-04-06
1390,100019213350,324.00,2022-04-06
1391,100019213370,209.00,2022-04-06
1392,100019494200,68.00,2022-04-06
1393,100019645813,99.00,2022-04-06
1394,100019682753,460.00,2022-04-06
1395,100019790829,1090.00,2022-04-06
1396,100019790871,790.00,2022-04-06
1397,100019790889,620.00,2022-04-06
1398,100019833385,799.00,2022-04-06
1399,100020593694,179.80,2022-04-06
1400,100021098410,119.00,2022-04-06
1401,100021208618,329.00,2022-04-06
1402,100021531082,520.00,2022-04-06
1403,100022834542,339.00,2022-04-06
1404,100022898420,329.00,2022-04-06
1405,100022898442,339.00,2022-04-06
1406,100022898444,339.00,2022-04-06
1407,100023199748,158.00,2022-04-06
1408,100023345034,218.00,2022-04-06
1409,100023771384,227.00,2022-04-06
1410,100024296466,1299.00,2022-04-06
1411,100024578630,218.00,2022-04-06
1412,100024961558,319.00,2022-04-06
1413,100025318492,880.00,2022-04-06
1414,100025382318,329.00,2022-04-06
1415,100025792188,65.00,2022-04-06
1416,100026423200,488.00,2022-04-06
1417,100026812644,444.00,2022-04-06
1418,100026812652,316.00,2022-04-06
1419,100027068266,238.00,2022-04-06
1420,100027068288,228.00,2022-04-06
1421,100027181744,33.90,2022-04-06
1422,100027243292,678.00,2022-04-06
1423,100027746722,139.00,2022-04-06
1424,100027864850,349.00,2022-04-06
1425,100027864862,599.00,2022-04-06
1426,100028215268,158.00,2022-04-06
1427,100028281738,79.00,2022-04-06
1428,100028281768,69.00,2022-04-06
1429,100028573490,69.00,2022-04-06
1430,100028600438,15.80,2022-04-06
1431,100028785618,88.00,2022-04-06
1432,100029951964,169.00,2022-04-06
1433,100030517956,549.00,2022-04-06
1434,100031289910,229.00,2022-04-06
1435,100032029898,128.00,2022-04-06
1436,100032029994,68.00,2022-04-06
1437,100032378218,589.00,2022-04-06
1438,100032378248,429.00,2022-04-06
1439,100032514618,99.00,2022-04-06
1440,100032546168,128.00,2022-04-06
1441,100032777914,1058.00,2022-04-06
1442,100032777954,698.00,2022-04-06
1443,100032777956,968.00,2022-04-06
1444,100032828144,59.00,2022-04-06
1445,100032952626,47.00,2022-04-06
1446,100032952646,71.00,2022-04-06
1447,100033280796,950.00,2022-04-06
1448,100033280832,499.00,2022-04-06
1449,100033299072,339.00,2022-04-06
1450,100033696258,999.00,2022-04-06
1451,100033696302,758.00,2022-04-06
1452,100033887156,350.00,2022-04-06
1453,100033887198,520.00,2022-04-06
1454,100033887256,310.00,2022-04-06
1455,100033887258,310.00,2022-04-06
1456,100033887268,310.00,2022-04-06
1457,100034089562,465.00,2022-04-06
1458,100034655998,315.00,2022-04-06
1459,100034792762,169.00,2022-04-06
1460,100034819516,700.00,2022-04-06
1461,10020073668592,458.00,2022-04-06
1462,10020079780485,23.00,2022-04-06
1463,10020079780486,32.00,2022-04-06
1464,10020079780487,76.00,2022-04-06
1465,10020141352227,200.00,2022-04-06
1466,10020157240177,49.90,2022-04-06
1467,10020188941426,49.00,2022-04-06
1468,10020268769700,520.00,2022-04-06
1469,10021230045083,505.00,2022-04-06
1470,10021230045084,725.00,2022-04-06
1471,10021231780634,378.00,2022-04-06
1472,10021459563583,299.00,2022-04-06
1473,10021550380715,476.00,2022-04-06
1474,10021601241214,78.00,2022-04-06
1475,10021960568761,69.00,2022-04-06
1476,10021960568762,69.00,2022-04-06
1477,10022040416154,139.00,2022-04-06
1478,10022138497846,49.90,2022-04-06
1479,10022452128824,35.00,2022-04-06
1480,10022949621960,17.80,2022-04-06
1481,10022985704448,405.00,2022-04-06
1482,10023060713248,38.00,2022-04-06
1483,10023099791256,89.00,2022-04-06
1484,10023322242344,29.90,2022-04-06
1485,10023351745817,88.00,2022-04-06
1486,10023402257104,128.00,2022-04-06
1487,10023479954282,589.00,2022-04-06
1488,10023643080506,217.00,2022-04-06
1489,10023696432339,79.00,2022-04-06
1490,10023862817838,308.00,2022-04-06
1491,10024309296687,268.00,2022-04-06
1492,10024788452070,369.00,2022-04-06
1493,10024829241909,158.00,2022-04-06
1494,10024937488214,142.00,2022-04-06
1495,10024994594294,159.00,2022-04-06
1496,10025027162418,269.00,2022-04-06
1497,10025191830738,68.00,2022-04-06
1498,10025324292945,139.00,2022-04-06
1499,10025461461054,70.00,2022-04-06
1500,10025485687998,349.00,2022-04-06
1501,10025566989996,149.00,2022-04-06
1502,10025622737004,59.00,2022-04-06
1503,10025713311763,-1.00,2022-04-06
1504,10025713311764,-1.00,2022-04-06
1505,10025825650483,238.00,2022-04-06
1506,10025825650484,238.00,2022-04-06
1507,10025994806705,218.00,2022-04-06
1508,10026031479014,59.00,2022-04-06
1509,10026057816392,39.90,2022-04-06
1510,10026066137956,39.90,2022-04-06
1511,10026235554455,24.90,2022-04-06
1512,10026238444063,148.00,2022-04-06
1513,10026238444068,168.00,2022-04-06
1514,10026268930349,198.00,2022-04-06
1515,10026284459049,88.00,2022-04-06
1516,10026284796152,108.00,2022-04-06
1517,10026352573210,-1.00,2022-04-06
1518,10026428949334,378.00,2022-04-06
1519,10026488453883,289.00,2022-04-06
1520,10026488540381,39.00,2022-04-06
1521,10026500488876,13.90,2022-04-06
1522,10026504198343,22.90,2022-04-06
1523,10026508019804,31.90,2022-04-06
1524,10026567679535,33.00,2022-04-06
1525,10026572674781,39.00,2022-04-06
1526,10026604160849,59.00,2022-04-06
1527,10026613980805,255.00,2022-04-06
1528,10026630016809,138.00,2022-04-06
1529,10026662139147,70.00,2022-04-06
1530,10026753706087,88.00,2022-04-06
1531,10026806069699,409.00,2022-04-06
1532,10027470076156,349.00,2022-04-06
1533,10027472372395,249.00,2022-04-06
1534,10027488592086,98.00,2022-04-06
1535,10027551412687,108.00,2022-04-06
1536,10027629621721,519.00,2022-04-06
1537,10027765758857,788.00,2022-04-06
1538,10027772898730,79.00,2022-04-06
1539,10027859190222,30.90,2022-04-06
1540,10028088500336,28.50,2022-04-06
1541,10028112816343,10.00,2022-04-06
1542,10028460400839,58.00,2022-04-06
1543,10028460647380,49.90,2022-04-06
1544,10028559665002,179.00,2022-04-06
1545,10028589073150,54.00,2022-04-06
1546,10028979014770,142.00,2022-04-06
1547,10028994732184,99.00,2022-04-06
1548,10029318700109,38.90,2022-04-06
1549,10029397347322,658.00,2022-04-06
1550,10029397873226,780.00,2022-04-06
1551,10029580548248,229.00,2022-04-06
1552,10029580548249,259.00,2022-04-06
1553,10029583269455,279.00,2022-04-06
1554,10029647016193,129.00,2022-04-06
1555,10029647016194,159.00,2022-04-06
1556,10029654480396,68.00,2022-04-06
1557,10029675738572,29.00,2022-04-06
1558,10029675738573,29.00,2022-04-06
1559,10029861279327,438.00,2022-04-06
1560,10030058061631,418.00,2022-04-06
1561,10030101439452,59.00,2022-04-06
1562,10030239911908,118.00,2022-04-06
1563,10030241886055,329.00,2022-04-06
1564,10030241886057,599.00,2022-04-06
1565,10030255118046,76.00,2022-04-06
1566,10030533383601,98.00,2022-04-06
1567,10030717055393,88.00,2022-04-06
1568,10030724038018,58.00,2022-04-06
1569,10031049369171,79.00,2022-04-06
1570,10031469133747,48.00,2022-04-06
1571,10031604833346,32.00,2022-04-06
1572,10031625434991,79.00,2022-04-06
1573,10031687554786,168.00,2022-04-06
1574,10031706874687,99.00,2022-04-06
1575,10031865280759,35.00,2022-04-06
1576,10031866717252,30.80,2022-04-06
1577,10031870092540,248.00,2022-04-06
1578,10031909423548,198.00,2022-04-06
1579,10031941779328,69.00,2022-04-06
1580,10031989021377,115.00,2022-04-06
1581,10032237689868,39.00,2022-04-06
1582,10032399412137,19.80,2022-04-06
1583,10032586983926,118.00,2022-04-06
1584,10032822475800,65.00,2022-04-06
1585,10032962747066,158.00,2022-04-06
1586,10033317231635,79.00,2022-04-06
1587,10033477575476,99.00,2022-04-06
1588,10033523750037,128.00,2022-04-06
1589,10033526221186,37.00,2022-04-06
1590,10033799757718,59.90,2022-04-06
1591,10033813773994,229.00,2022-04-06
1592,10034059361665,39.00,2022-04-06
1593,10034073580834,158.00,2022-04-06
1594,10034132393571,139.00,2022-04-06
1595,10034160184991,278.00,2022-04-06
1596,10034343748168,278.00,2022-04-06
1597,10034409441805,276.00,2022-04-06
1598,10034472413706,36.00,2022-04-06
1599,10034538400466,1210.00,2022-04-06
1600,10034670517316,268.00,2022-04-06
1601,10034748363225,29.00,2022-04-06
1602,10034772007392,158.00,2022-04-06
1603,10034960381860,148.00,2022-04-06
1604,10035216104726,69.00,2022-04-06
1605,10035279453142,68.00,2022-04-06
1606,10035279650544,68.00,2022-04-06
1607,10035344535782,99.00,2022-04-06
1608,10035397162607,159.00,2022-04-06
1609,10035398331076,339.00,2022-04-06
1610,10036953278244,54.00,2022-04-06
1611,10037381726576,98.00,2022-04-06
1612,10038131466178,148.00,2022-04-06
1613,10038156600204,37.00,2022-04-06
1614,10038217181588,39.90,2022-04-06
1615,10038563166384,68.00,2022-04-06
1616,10038620425654,68.50,2022-04-06
1617,10038633383267,318.00,2022-04-06
1618,10038781868240,68.00,2022-04-06
1619,10038964962798,168.00,2022-04-06
1620,10039075344419,168.00,2022-04-06
1621,10039127239946,196.00,2022-04-06
1622,10039145766153,106.00,2022-04-06
1623,10039173553346,188.00,2022-04-06
1624,10039396431766,230.00,2022-04-06
1625,10039814035602,1250.00,2022-04-06
1626,10040013923191,275.00,2022-04-06
1627,10040013923193,275.00,2022-04-06
1628,10040013923195,550.00,2022-04-06
1629,10040017476976,1036.00,2022-04-06
1630,10040139659689,19.90,2022-04-06
1631,10040142773567,59.00,2022-04-06
1632,10040244225815,179.00,2022-04-06
1633,10040503894207,10.00,2022-04-06
1634,10040628770954,68.00,2022-04-06
1635,10040631914940,64.00,2022-04-06
1636,10040690258860,159.00,2022-04-06
1637,10040690258871,49.00,2022-04-06
1638,10041168299756,-1.00,2022-04-06
1639,10041332919638,-1.00,2022-04-06
1640,10041394056837,-1.00,2022-04-06
1641,10041550360598,76.00,2022-04-06
1642,10042026538830,236.00,2022-04-06
1643,10042123109564,179.50,2022-04-06
1644,10042234081915,298.00,2022-04-06
1645,10042330659509,278.00,2022-04-06
1646,10042641970586,288.00,2022-04-06
1647,10042817026021,56.70,2022-04-06
1648,10042845922269,48.00,2022-04-06
1649,10042845922271,48.00,2022-04-06
1650,10042858347858,148.00,2022-04-06
1651,10043331853923,50.90,2022-04-06
1652,10043344413413,10.00,2022-04-06
1653,10043355012496,199.00,2022-04-06
1654,10043505480312,118.00,2022-04-06
1655,10043573934737,-1.00,2022-04-06
1656,10043573934738,-1.00,2022-04-06
1657,10043609315210,268.00,2022-04-06
1658,10043609349295,268.00,2022-04-06
1659,10043609365117,358.00,2022-04-06
1660,10043609398610,278.00,2022-04-06
1661,10043609409311,278.00,2022-04-06
1662,10043609409312,278.00,2022-04-06
1663,10043609481492,1112.00,2022-04-06
1664,10043609481493,1668.00,2022-04-06
1665,10043619118499,1198.00,2022-04-06
1666,10043646014436,99.00,2022-04-06
1667,10045017735333,19.90,2022-04-06
1668,10045109946700,171.00,2022-04-06
1669,10045882535025,98.00,2022-04-06
1670,10046092699949,99.00,2022-04-06
1671,10046101744694,99.00,2022-04-06
1672,10046316270217,46.00,2022-04-06
1673,10042845922271,48.00,2022-04-06
1674,361348,599.00,2022-04-07
1675,1035901,39.90,2022-04-07
1676,2232378,439.00,2022-04-07
1677,2322996,112.00,2022-04-07
1678,2323589,103.00,2022-04-07
1679,2673757,1149.00,2022-04-07
1680,2835917,309.00,2022-04-07
1681,2990352,459.00,2022-04-07
1682,2990358,339.00,2022-04-07
1683,2990360,259.00,2022-04-07
1684,2990374,189.00,2022-04-07
1685,2990384,199.00,2022-04-07
1686,2990388,809.00,2022-04-07
1687,2990398,259.00,2022-04-07
1688,3087293,135.00,2022-04-07
1689,3930315,299.00,2022-04-07
1690,4080291,9.90,2022-04-07
1691,4311790,478.00,2022-04-07
1692,4311792,525.00,2022-04-07
1693,4311814,618.00,2022-04-07
1694,4311902,210.00,2022-04-07
1695,4343838,139.00,2022-04-07
1696,4368712,628.00,2022-04-07
1697,4368728,728.00,2022-04-07
1698,4648076,199.00,2022-04-07
1699,4648088,199.00,2022-04-07
1700,4972612,329.00,2022-04-07
1701,5120206,289.00,2022-04-07
1702,5143646,1028.00,2022-04-07
1703,5143648,658.00,2022-04-07
1704,5158119,155.00,2022-04-07
1705,5446512,72.00,2022-04-07
1706,5760191,698.00,2022-04-07
1707,5760197,658.00,2022-04-07
1708,5760199,1068.00,2022-04-07
1709,5819867,328.00,2022-04-07
1710,6043315,49.90,2022-04-07
1711,6050398,49.90,2022-04-07
1712,6190146,132.00,2022-04-07
1713,6291116,89.00,2022-04-07
1714,7032274,189.00,2022-04-07
1715,7246069,189.00,2022-04-07
1716,7384589,13.90,2022-04-07
1717,7385065,375.00,2022-04-07
1718,7601074,415.00,2022-04-07
1719,7867908,8.90,2022-04-07
1720,8142893,218.00,2022-04-07
1721,8646589,215.00,2022-04-07
1722,1093832459,299.00,2022-04-07
1723,1249277141,1595.00,2022-04-07
1724,1294085306,88.00,2022-04-07
1725,1760487425,298.00,2022-04-07
1726,1959605540,29.90,2022-04-07
1727,1959812545,39.00,2022-04-07
1728,1959812551,39.00,2022-04-07
1729,1959815131,41.80,2022-04-07
1730,1985843603,89.00,2022-04-07
1731,10111820907,256.00,2022-04-07
1732,10277662824,146.00,2022-04-07
1733,10277853020,155.00,2022-04-07
1734,10279539800,205.00,2022-04-07
1735,10279584155,205.00,2022-04-07
1736,10360511797,63.00,2022-04-07
1737,10372784673,46.00,2022-04-07
1738,10483999868,158.00,2022-04-07
1739,10484588383,669.00,2022-04-07
1740,10594752619,399.00,2022-04-07
1741,11067527590,10.60,2022-04-07
1742,11258991343,100.70,2022-04-07
1743,11680165109,98.00,2022-04-07
1744,12049090771,998.00,2022-04-07
1745,12085307744,998.00,2022-04-07
1746,12947515146,499.00,2022-04-07
1747,13154801006,188.00,2022-04-07
1748,13179797973,69.90,2022-04-07
1749,13699145591,4.20,2022-04-07
1750,14739983086,29.90,2022-04-07
1751,14944888963,120.00,2022-04-07
1752,15233181369,368.00,2022-04-07
1753,15236123739,455.00,2022-04-07
1754,15642314880,99.00,2022-04-07
1755,15785122365,429.00,2022-04-07
1756,16245795493,268.00,2022-04-07
1757,16878933215,35.00,2022-04-07
1758,16923491224,355.00,2022-04-07
1759,18186171616,29.90,2022-04-07
1760,18671346322,29.00,2022-04-07
1761,19663918496,379.00,2022-04-07
1762,19663918497,349.00,2022-04-07
1763,20349706218,105.00,2022-04-07
1764,20545488871,552.00,2022-04-07
1765,20545488874,912.00,2022-04-07
1766,20803040572,128.00,2022-04-07
1767,21872606579,360.00,2022-04-07
1768,22299781350,855.00,2022-04-07
1769,23316275397,408.00,2022-04-07
1770,23463502709,436.00,2022-04-07
1771,24289289184,204.00,2022-04-07
1772,24677823445,69.00,2022-04-07
1773,25171513713,199.00,2022-04-07
1774,25469867606,489.00,2022-04-07
1775,25609666855,308.00,2022-04-07
1776,25622773858,466.00,2022-04-07
1777,26223089596,419.90,2022-04-07
1778,26687956009,128.00,2022-04-07
1779,27185577215,385.00,2022-04-07
1780,27814530794,367.00,2022-04-07
1781,28226348709,88.00,2022-04-07
1782,28226443284,79.00,2022-04-07
1783,28226579380,96.00,2022-04-07
1784,28226635640,105.00,2022-04-07
1785,28230155215,1236.20,2022-04-07
1786,28412624691,82.00,2022-04-07
1787,28958020718,27.90,2022-04-07
1788,29673898634,69.00,2022-04-07
1789,29673905952,52.00,2022-04-07
1790,29726441623,1200.00,2022-04-07
1791,29963136754,280.00,2022-04-07
1792,29971690573,308.00,2022-04-07
1793,30004073532,1216.00,2022-04-07
1794,30031754101,59.90,2022-04-07
1795,30035074590,96.00,2022-04-07
1796,30195298583,752.00,2022-04-07
1797,30195298584,580.00,2022-04-07
1798,30223774626,96.00,2022-04-07
1799,30320367458,138.00,2022-04-07
1800,31584773425,129.90,2022-04-07
1801,31593694324,86.00,2022-04-07
1802,31638881658,128.00,2022-04-07
1803,32415963454,29.90,2022-04-07
1804,32415963455,56.80,2022-04-07
1805,32415963456,78.90,2022-04-07
1806,32580567095,29.90,2022-04-07
1807,34153363319,120.00,2022-04-07
1808,34154238817,255.00,2022-04-07
1809,35506703593,299.00,2022-04-07
1810,36163547449,615.00,2022-04-07
1811,36449072810,449.00,2022-04-07
1812,37764262099,85.00,2022-04-07
1813,38424225273,118.00,2022-04-07
1814,40055254638,199.00,2022-04-07
1815,41015926995,189.00,2022-04-07
1816,41280957136,89.00,2022-04-07
1817,41552470565,99.00,2022-04-07
1818,42933872237,819.00,2022-04-07
1819,43204360745,99.00,2022-04-07
1820,43215763760,99.00,2022-04-07
1821,43416158975,479.00,2022-04-07
1822,43419210679,239.00,2022-04-07
1823,43422642024,129.00,2022-04-07
1824,43558536580,99.00,2022-04-07
1825,43706791602,29.90,2022-04-07
1826,43706791605,29.90,2022-04-07
1827,43706791606,29.90,2022-04-07
1828,43736658557,159.90,2022-04-07
1829,44224524212,39.90,2022-04-07
1830,44986831441,257.00,2022-04-07
1831,45465404091,6.90,2022-04-07
1832,46074337427,29.00,2022-04-07
1833,46093359800,56.00,2022-04-07
1834,46093382307,53.00,2022-04-07
1835,46093382308,52.00,2022-04-07
1836,46959758030,590.00,2022-04-07
1837,47702266893,146.00,2022-04-07
1838,48318046464,98.00,2022-04-07
1839,48429501798,149.00,2022-04-07
1840,48930784166,399.90,2022-04-07
1841,51639799245,49.00,2022-04-07
1842,52117171337,199.00,2022-04-07
1843,52117171338,199.00,2022-04-07
1844,52611848374,311.90,2022-04-07
1845,52882363084,289.00,2022-04-07
1846,53345634387,75.00,2022-04-07
1847,54297347923,278.00,2022-04-07
1848,54322083878,599.00,2022-04-07
1849,55387116376,108.00,2022-04-07
1850,55803137900,88.00,2022-04-07
1851,56079068569,128.00,2022-04-07
1852,56357021056,569.00,2022-04-07
1853,57130234107,79.00,2022-04-07
1854,57773464434,615.00,2022-04-07
1855,58673490135,29.90,2022-04-07
1856,58673490136,39.90,2022-04-07
1857,58735134886,299.00,2022-04-07
1858,58735134887,369.00,2022-04-07
1859,59180771706,96.00,2022-04-07
1860,59380218158,355.00,2022-04-07
1861,59380218160,855.00,2022-04-07
1862,59412555488,680.00,2022-04-07
1863,59734177096,128.00,2022-04-07
1864,59799477354,296.00,2022-04-07
1865,60605087824,99.00,2022-04-07
1866,60737179667,158.00,2022-04-07
1867,61521682668,258.00,2022-04-07
1868,61522703177,165.00,2022-04-07
1869,61824767321,389.00,2022-04-07
1870,61843048518,139.00,2022-04-07
1871,62206442195,300.00,2022-04-07
1872,63282610104,85.00,2022-04-07
1873,63475157961,730.00,2022-04-07
1874,64119028893,1314.00,2022-04-07
1875,64176279170,536.00,2022-04-07
1876,64570935194,230.00,2022-04-07
1877,64624667508,58.00,2022-04-07
1878,64664017172,155.00,2022-04-07
1879,65155998385,99.00,2022-04-07
1880,65367643284,429.00,2022-04-07
1881,65402690271,299.00,2022-04-07
1882,65660816358,199.00,2022-04-07
1883,66199519236,20.00,2022-04-07
1884,66340755825,119.00,2022-04-07
1885,66340755843,269.00,2022-04-07
1886,66457464522,856.00,2022-04-07
1887,66671252873,59.00,2022-04-07
1888,67153888498,559.00,2022-04-07
1889,67172200696,479.00,2022-04-07
1890,67233320227,1280.00,2022-04-07
1891,67513200111,72.00,2022-04-07
1892,67513200125,72.00,2022-04-07
1893,67771927771,560.00,2022-04-07
1894,67925046113,79.90,2022-04-07
1895,67979163932,548.00,2022-04-07
1896,68035186544,278.00,2022-04-07
1897,68411073996,918.00,2022-04-07
1898,68411078513,496.00,2022-04-07
1899,69062319022,89.00,2022-04-07
1900,69081256120,99.00,2022-04-07
1901,69081256123,119.00,2022-04-07
1902,69333267548,129.00,2022-04-07
1903,69333267549,169.00,2022-04-07
1904,69401401705,79.00,2022-04-07
1905,69536342055,239.00,2022-04-07
1906,69562923996,128.00,2022-04-07
1907,69625112539,178.00,2022-04-07
1908,69628125409,289.00,2022-04-07
1909,69777135826,409.00,2022-04-07
1910,70032921683,243.00,2022-04-07
1911,70328384160,68.00,2022-04-07
1912,70799435420,248.00,2022-04-07
1913,70899204234,175.00,2022-04-07
1914,71018864084,489.00,2022-04-07
1915,71173905097,98.00,2022-04-07
1916,71438184008,39.00,2022-04-07
1917,71446457348,152.00,2022-04-07
1918,71474034813,168.00,2022-04-07
1919,71696667972,69.00,2022-04-07
1920,71845313158,329.00,2022-04-07
1921,71845313159,368.00,2022-04-07
1922,71845313160,249.00,2022-04-07
1923,71851535423,536.00,2022-04-07
1924,71869504173,1200.00,2022-04-07
1925,71976859456,99.00,2022-04-07
1926,72129407995,39.00,2022-04-07
1927,72177744288,139.00,2022-04-07
1928,72192762819,98.00,2022-04-07
1929,72321744330,108.00,2022-04-07
1930,72483101173,1218.00,2022-04-07
1931,100002177732,34.80,2022-04-07
1932,100004013619,412.00,2022-04-07
1933,100004403993,77.00,2022-04-07
1934,100004789005,679.00,2022-04-07
1935,100005040975,229.00,2022-04-07
1936,100005223761,799.00,2022-04-07
1937,100005503806,109.00,2022-04-07
1938,100005568041,579.00,2022-04-07
1939,100005768047,285.00,2022-04-07
1940,100005815161,149.00,2022-04-07
1941,100005873821,1599.00,2022-04-07
1942,100005873825,1599.00,2022-04-07
1943,100006262957,319.00,2022-04-07
1944,100006771483,399.00,2022-04-07
1945,100006771485,299.00,2022-04-07
1946,100006776227,199.00,2022-04-07
1947,100006811828,339.00,2022-04-07
1948,100006879434,698.00,2022-04-07
1949,100007004286,289.00,2022-04-07
1950,100007090981,329.00,2022-04-07
1951,100007111859,1090.00,2022-04-07
1952,100007232565,129.90,2022-04-07
1953,100007512694,298.00,2022-04-07
1954,100007852395,999.00,2022-04-07
1955,100008172880,558.00,2022-04-07
1956,100008262768,199.90,2022-04-07
1957,100008262770,59.90,2022-04-07
1958,100008262784,59.90,2022-04-07
1959,100008348694,199.90,2022-04-07
1960,100008556195,179.00,2022-04-07
1961,100009252334,799.00,2022-04-07
1962,100009543219,69.00,2022-04-07
1963,100009889695,568.00,2022-04-07
1964,100009940534,579.00,2022-04-07
1965,100010352055,106.00,2022-04-07
1966,100010405824,45.00,2022-04-07
1967,100010524374,58.90,2022-04-07
1968,100010599350,1499.00,2022-04-07
1969,100010618341,65.00,2022-04-07
1970,100010759724,599.00,2022-04-07
1971,100010880628,69.90,2022-04-07
1972,100010917074,79.90,2022-04-07
1973,100011248991,125.00,2022-04-07
1974,100011251529,1058.00,2022-04-07
1975,100011260180,279.00,2022-04-07
1976,100011323932,370.00,2022-04-07
1977,100011565495,39.00,2022-04-07
1978,100011780942,349.00,2022-04-07
1979,100012031981,398.00,2022-04-07
1980,100012340694,215.00,2022-04-07
1981,100012340700,379.00,2022-04-07
1982,100012340704,399.00,2022-04-07
1983,100012674059,39.80,2022-04-07
1984,100012816457,749.00,2022-04-07
1985,100012960629,215.00,2022-04-07
1986,100012976226,329.00,2022-04-07
1987,100012976232,329.00,2022-04-07
1988,100013017734,439.00,2022-04-07
1989,100013017738,1090.00,2022-04-07
1990,100013037996,309.00,2022-04-07
1991,100013038018,319.00,2022-04-07
1992,100013563395,699.00,2022-04-07
1993,100013705379,79.00,2022-04-07
1994,100013769769,529.00,2022-04-07
1995,100013800452,9.90,2022-04-07
1996,100013934917,488.00,2022-04-07
1997,100014448019,232.00,2022-04-07
1998,100014657627,329.00,2022-04-07
1999,100014676991,119.00,2022-04-07
2000,100014676997,79.00,2022-04-07
2001,100015070419,89.00,2022-04-07
2002,100015070453,59.90,2022-04-07
2003,100015143094,39.80,2022-04-07
2004,100015339016,79.90,2022-04-07
2005,100015424339,98.00,2022-04-07
2006,100015635971,138.00,2022-04-07
2007,100015742658,7.50,2022-04-07
2008,100015994058,77.00,2022-04-07
2009,100016004286,259.00,2022-04-07
2010,100016070130,269.00,2022-04-07
2011,100016240266,39.90,2022-04-07
2012,100016265821,199.90,2022-04-07
2013,100016349674,319.00,2022-04-07
2014,100016349728,329.00,2022-04-07
2015,100016600200,138.00,2022-04-07
2016,100016613797,398.00,2022-04-07
2017,100016710860,375.00,2022-04-07
2018,100016727486,329.00,2022-04-07
2019,100016753765,1599.00,2022-04-07
2020,100017010320,79.00,2022-04-07
2021,100017269243,950.00,2022-04-07
2022,100017553183,129.00,2022-04-07
2023,100017580285,1759.00,2022-04-07
2024,100017743188,29.70,2022-04-07
2025,100017744446,519.00,2022-04-07
2026,100017868829,439.00,2022-04-07
2027,100017884311,309.00,2022-04-07
2028,100017884859,915.00,2022-04-07
2029,100018159559,389.00,2022-04-07
2030,100018400672,26.00,2022-04-07
2031,100018558102,309.00,2022-04-07
2032,100018558104,239.00,2022-04-07
2033,100018578551,59.90,2022-04-07
2034,100018939001,319.00,2022-04-07
2035,100019117738,29.00,2022-04-07
2036,100019169085,310.00,2022-04-07
2037,100019169093,350.00,2022-04-07
2038,100019169121,350.00,2022-04-07
2039,100019212742,308.00,2022-04-07
2040,100019213370,199.00,2022-04-07
2041,100019494200,68.00,2022-04-07
2042,100019645813,99.00,2022-04-07
2043,100019682753,460.00,2022-04-07
2044,100019790829,1090.00,2022-04-07
2045,100019790871,790.00,2022-04-07
2046,100019790889,620.00,2022-04-07
2047,100019833385,799.00,2022-04-07
2048,100020593694,179.80,2022-04-07
2049,100021098410,119.00,2022-04-07
2050,100021208618,329.00,2022-04-07
2051,100021531082,520.00,2022-04-07
2052,100022834542,339.00,2022-04-07
2053,100022898420,329.00,2022-04-07
2054,100022898442,329.00,2022-04-07
2055,100022898444,329.00,2022-04-07
2056,100023199748,158.00,2022-04-07
2057,100023345034,218.00,2022-04-07
2058,100023771384,227.00,2022-04-07
2059,100024296466,1299.00,2022-04-07
2060,100024578630,218.00,2022-04-07
2061,100024961558,319.00,2022-04-07
2062,100025318492,880.00,2022-04-07
2063,100025382318,329.00,2022-04-07
2064,100025792188,65.00,2022-04-07
2065,100026423200,488.00,2022-04-07
2066,100026812644,316.00,2022-04-07
2067,100026812652,218.00,2022-04-07
2068,100027068266,238.00,2022-04-07
2069,100027068288,228.00,2022-04-07
